{"__type__":"cc.JsonAsset","_name":"buildingLevel","json":{"1":{"id":"1","buyGold":100,"refreshGold":20,"addGold":0.25},"2":{"id":"2","buyGold":250,"refreshGold":50,"addGold":0.5},"3":{"id":"3","buyGold":625,"refreshGold":125,"addGold":1},"4":{"id":"4","buyGold":1562.5,"refreshGold":312.5,"addGold":2},"5":{"id":"5","buyGold":3906.25,"refreshGold":781.25,"addGold":4},"6":{"id":"6","buyGold":9765.625,"refreshGold":1953.125,"addGold":8},"7":{"id":"7","buyGold":24414.0625,"refreshGold":4882.8125,"addGold":16},"8":{"id":"8","buyGold":61035.15625,"refreshGold":12207.03125,"addGold":32},"9":{"id":"9","buyGold":152587.890625,"refreshGold":30517.578125,"addGold":64},"10":{"id":"10","buyGold":381469.7265625,"refreshGold":76293.9453125,"addGold":128},"11":{"id":"11","buyGold":762939.453125,"refreshGold":152587.890625,"addGold":256},"12":{"id":"12","buyGold":1525878.90625,"refreshGold":305175.78125,"addGold":512},"13":{"id":"13","buyGold":3051757.8125,"refreshGold":610351.5625,"addGold":1024},"14":{"id":"14","buyGold":6103515.625,"refreshGold":1220703.125,"addGold":2048},"15":{"id":"15","buyGold":15258789.0625,"refreshGold":3051757.8125,"addGold":4096},"16":{"id":"16","buyGold":38146972.65625,"refreshGold":7629394.53125,"addGold":8192},"17":{"id":"17","buyGold":95367431.640625,"refreshGold":19073486.328125,"addGold":16384},"18":{"id":"18","buyGold":238418579.1015625,"refreshGold":47683715.8203125,"addGold":32768},"19":{"id":"19","buyGold":596046447.7539062,"refreshGold":119209289.55078125,"addGold":65536},"20":{"id":"20","buyGold":1192092895.5078125,"refreshGold":238418579.1015625,"addGold":131072},"21":{"id":"21","buyGold":2384185791.015625,"refreshGold":476837158.203125,"addGold":262144},"22":{"id":"22","buyGold":4768371582.03125,"refreshGold":953674316.40625,"addGold":524288},"23":{"id":"23","buyGold":9536743164.0625,"refreshGold":1907348632.8125,"addGold":1048576},"24":{"id":"24","buyGold":19073486328.125,"refreshGold":3814697265.625,"addGold":2097152},"25":{"id":"25","buyGold":38146972656.25,"refreshGold":7629394531.25,"addGold":4194304},"26":{"id":"26","buyGold":76293945312.5,"refreshGold":15258789062.5,"addGold":8388608},"27":{"id":"27","buyGold":152587890625,"refreshGold":30517578125,"addGold":16777216},"28":{"id":"28","buyGold":305175781250,"refreshGold":61035156250,"addGold":33554432},"29":{"id":"29","buyGold":610351562500,"refreshGold":122070312500,"addGold":67108864},"30":{"id":"30","buyGold":1220703125000,"refreshGold":244140625000,"addGold":134217728},"31":{"id":"31","buyGold":2441406250000,"refreshGold":488281250000,"addGold":268435456},"32":{"id":"32","buyGold":4882812500000,"refreshGold":976562500000,"addGold":536870912},"33":{"id":"33","buyGold":9765625000000,"refreshGold":1953125000000,"addGold":1073741824},"34":{"id":"34","buyGold":19531250000000,"refreshGold":3906250000000,"addGold":2147483648},"35":{"id":"35","buyGold":39062500000000,"refreshGold":7812500000000,"addGold":4294967296},"36":{"id":"36","buyGold":78125000000000,"refreshGold":15625000000000,"addGold":8589934592},"37":{"id":"37","buyGold":156250000000000,"refreshGold":31250000000000,"addGold":17179869184},"38":{"id":"38","buyGold":312500000000000,"refreshGold":62500000000000,"addGold":34359738368},"39":{"id":"39","buyGold":625000000000000,"refreshGold":125000000000000,"addGold":68719476736},"40":{"id":"40","buyGold":1250000000000000,"refreshGold":250000000000000,"addGold":137438953472},"41":{"id":"41","buyGold":2500000000000000,"refreshGold":500000000000000,"addGold":274877906944},"42":{"id":"42","buyGold":5000000000000000,"refreshGold":1000000000000000,"addGold":549755813888},"43":{"id":"43","buyGold":10000000000000000,"refreshGold":2000000000000000,"addGold":1099511627776},"44":{"id":"44","buyGold":20000000000000000,"refreshGold":4000000000000000,"addGold":2199023255552},"45":{"id":"45","buyGold":40000000000000000,"refreshGold":8000000000000000,"addGold":4398046511104},"46":{"id":"46","buyGold":80000000000000000,"refreshGold":16000000000000000,"addGold":8796093022208},"47":{"id":"47","buyGold":160000000000000000,"refreshGold":32000000000000000,"addGold":17592186044416},"48":{"id":"48","buyGold":320000000000000000,"refreshGold":64000000000000000,"addGold":35184372088832},"49":{"id":"49","buyGold":640000000000000000,"refreshGold":128000000000000000,"addGold":70368744177664},"50":{"id":"50","buyGold":1280000000000000000,"refreshGold":256000000000000000,"addGold":140737488355328}}}